{"cameraMode":{"drawMode":0,"name":"Shaded","section":"Shading Mode"},"sceneLighting":true,"audioPlay":false,"sceneViewState":{"showFog":true,"showMaterialUpdate":false,"showSkybox":true,"showFlares":true,"showImageEffects":true,"showParticleSystems":true},"in2DMode":false,"pivot":{"x":11.802688598632813,"y":-6.2812676429748539,"z":22.98111915588379},"rotation":{"x":-0.22915315628051759,"y":0.7705515027046204,"z":-0.43253660202026369,"w":-0.40822961926460268},"size":147.0194854736328,"orthographic":false}